name,latitude,longitude,category,search_query
ALFAMART A.YANI PASAYANGAN,-3.4036033,114.8462467,Minimarket,Alfamart
ALFAMART LINGKAR PEMURUS,-3.3476986,114.6082733,Toko,Alfamart
ALFAMART TELUK TIRAM,-3.3332854,114.5795264,Toko bahan makanan,Alfamart
ALFAMART UJUNG KSTUBUN,-3.3327161,114.5866149,Minimarket,Alfamart
Alfamart,-3.4432192,114.8335051,Minimarket,Alfamart
Alfamart,-3.3130591,114.584917,Toko Swalayan,Alfamart
Alfamart,-3.3119504,114.6167407,Minimarket,Alfamart
Alfamart,-3.269152,114.6019231,Minimarket,Alfamart
Alfamart,-3.2757517,114.5964639,Minimarket,Alfamart
Alfamart,-3.3270978,114.5878679,Minimarket,Alfamart
Alfamart,-3.3508195,114.6276525,Minimarket,Alfamart
Alfamart,-3.2955188,114.6026628,Minimarket,Alfamart
Alfamart,-3.2917452,114.6131509,Minimarket,Alfamart
"Alfamart - A. Yani KM 12,9",-3.3964627,114.6618148,Minimarket,Alfamart
Alfamart - A. Yani Km 21,-3.4435584,114.7137978,Minimarket,Alfamart
Alfamart - A. Yani Km 5,-3.3399699,114.6186706,Minimarket,Alfamart
"Alfamart - A. Yani Km 8,4",-3.3633871,114.6372293,Minimarket,Alfamart
Alfamart - A. Yani Km. 27,-3.4456156,114.7679599,Minimarket,Alfamart
"Alfamart - A. Yani Km. 29,8",-3.4491338,114.7897333,Minimarket,Alfamart
Alfamart - A. Yani Km. 34,-3.4430344,114.8262012,Minimarket,Alfamart
Alfamart - A. Yani Km. 36,-3.4428839,114.8467483,Minimarket,Alfamart
Alfamart - A. Yani Km. 39,-3.4168002,114.8498429,Minimarket,Alfamart
Alfamart - Ahmad Yani,-3.4126367,114.6739808,Minimarket,Alfamart
Alfamart - Ahmad Yani Km 4,-3.3275268,114.6083221,Minimarket,Alfamart
Alfamart - Citra Graha,-3.4355951,114.6920368,Minimarket,Alfamart
Alfamart - Gubernur Soebardjo,-3.3497451,114.5738013,Minimarket,Alfamart
Alfamart - Ir Pm Noor,-3.4477996,114.8617368,Minimarket,Alfamart
Alfamart - Irigasi,-3.4086231,114.6638208,Minimarket,Alfamart
"Alfamart - Jl. Jend. A. Yani Km.7,4",-3.3576045,114.6318735,Minimarket,Alfamart
Alfamart - Jl. Mahligai,-3.352608,114.634328,Minimarket,Alfamart
Alfamart - Pangeran Antasari,-3.3286138,114.6026723,Minimarket,Alfamart
Alfamart - Pemajatan,-3.3993454,114.6756655,Minimarket,Alfamart
Alfamart - Piere Tendean,-3.3160449,114.5934879,Minimarket,Alfamart
Alfamart - RS. CMH,-3.3616797,114.6298144,Minimarket,Alfamart
Alfamart - Sungai Tiung,-3.49896,114.8476774,Minimarket,Alfamart
Alfamart - Trikora Palm,-3.4616913,114.8100274,Minimarket,Alfamart
Alfamart A Yani KM 7.7,-3.358836,114.6337915,Minimarket,Alfamart
Alfamart A. Syairani,-3.8065783,114.7875111,Minimarket,Alfamart
Alfamart A. Yani KM 6 (1GP5),-3.3480734,114.6246953,Minimarket,Alfamart
Alfamart A.Yani KM 51,-3.3621506,114.9166666,Minimarket,Alfamart
Alfamart A.Yani Km 107,-2.980556,115.1390975,Minimarket,Alfamart
Alfamart A.Yani Km 150,-3.838487,115.3351088,Minimarket,Alfamart
Alfamart A.Yani Km 42,-3.4032893,114.8558599,Minimarket,Alfamart
Alfamart A.Yani Km 63,-3.32322,114.9964675,Minimarket,Alfamart
Alfamart A.Yani Km 69,-3.2780501,115.0278029,Minimarket,Alfamart
Alfamart A.Yani Km 76,-3.2216927,115.0554593,Minimarket,Alfamart
Alfamart A.Yani Rantau,-2.9411946,115.1488643,Minimarket,Alfamart
Alfamart AMD PERMAI,-3.2833528,114.5760995,Minimarket,Alfamart
Alfamart Anjir Pasar,-3.1500483,114.5031988,Minimarket,Alfamart
Alfamart Batas Kota Martapura Banjarbaru,-3.4349259,114.8487565,Toko bahan makanan,Alfamart
Alfamart Batumandi,-2.4294556,115.4223865,Minimarket,Alfamart
Alfamart Binuang 1,-3.1516234,115.0828957,Minimarket,Alfamart
Alfamart DC Bati Bati,-3.5575665,114.7466893,Minimarket,Alfamart
Alfamart Express RS. Ulin,-3.3221125,114.6012667,Toko bahan makanan,Alfamart
Alfamart Gambut,-3.4040844,114.6682962,Minimarket,Alfamart
Alfamart Gatot Subroto 3,-3.3287442,114.6162084,Minimarket,Alfamart
Alfamart Gerilya,-3.3576532,114.5983969,Minimarket,Alfamart
Alfamart Griya Permata,-3.2728602,114.6010739,Minimarket,Alfamart
Alfamart Guntung Manggis,-3.4600116,114.7929476,Minimarket,Alfamart
Alfamart Gunung Raja,-3.6441268,114.7043078,Minimarket,Alfamart
Alfamart Jafri Zam Zam,-3.3187568,114.5791702,Minimarket,Alfamart
"Alfamart Jalan A. Yani KM 4,6",-3.3360673,114.6167456,Minimarket,Alfamart
Alfamart Jalan A.Yani KM.8,-3.3604762,114.6341797,Minimarket,Alfamart
Alfamart Jalan Adiyaksa,-3.2895225,114.5916137,Minimarket,Alfamart
Alfamart Jalan Griya Utama Trikora,-3.4592928,114.7738428,Minimarket,Alfamart
Alfamart Jalan Pangeran Hidayatullah 3,-3.3079828,114.6118256,Minimarket,Alfamart
Alfamart Jalan Pramuka Pangambangan,-3.3231102,114.6238975,Minimarket,Alfamart
Alfamart Jensud By Pass,-2.9417947,115.1625567,Minimarket,Alfamart
Alfamart Jorong,-3.9753154,114.9288337,Minimarket,Alfamart
Alfamart KM 33,-3.4443669,114.8151676,Minimarket,Alfamart
Alfamart KS Tubun,-3.3302596,114.5916038,Minimarket,Alfamart
Alfamart Kampung Melayu Darat,-3.3158198,114.5995198,Minimarket,Alfamart
Alfamart Kintap 2,-3.8566832,115.2242524,Minimarket,Alfamart
Alfamart Km. 10,-3.3777887,114.6475504,Toko,Alfamart
Alfamart Liang Anggang Bati-Bati,-3.5565495,114.7361809,Toko bahan makanan,Alfamart
Alfamart Lingkar Dalam,-3.3363662,114.6074869,Minimarket,Alfamart
Alfamart MT Haryono,-3.3240417,114.5886554,Minimarket,Alfamart
Alfamart Mantewe,-3.2428015,115.7625035,Minimarket,Alfamart
Alfamart Mentri Empat,-3.4204299,114.8469385,Minimarket,Alfamart
Alfamart Nagara,-2.6341243,115.1064252,Minimarket,Alfamart
Alfamart Nusa Indah,-3.5651675,114.7354265,Minimarket,Alfamart
Alfamart Pabahanan,-3.7725437,114.7724352,Minimarket,Alfamart
Alfamart Padang Panjang,-3.4693022,114.9254193,Minimarket,Alfamart
Alfamart Palam Raya,-3.4649068,114.8105697,Minimarket,Alfamart
Alfamart Pangeran Hidayatullah,-3.30028,114.6071452,Minimarket,Alfamart
Alfamart Pangeran Suriansyah,-3.4380534,114.8325703,Minimarket,Alfamart
Alfamart Pemurus,-3.3570669,114.6259423,Minimarket,Alfamart
Alfamart Perum 1000,-3.4263572,114.8155423,Minimarket,Alfamart
Alfamart Pm Noor 2,-3.44296,114.85137,Minimarket,Alfamart
Alfamart Pramuka,-3.3329425,114.6282,Minimarket,Alfamart
Alfamart Pramuka Arraudah,-3.3439063,114.6291908,Minimarket,Alfamart
Alfamart Provinsi 165,-3.7787098,115.3975187,Minimarket,Alfamart
Alfamart Provinsi 194,-3.7121723,115.6006666,Minimarket,Alfamart
Alfamart Provinsi 196,-3.7153155,115.609505,Toko bahan makanan,Alfamart
Alfamart Provinsi km 195,-3.7140407,115.6065567,Minimarket,Alfamart
Alfamart Rantauan Darat,-3.335022,114.585056,Minimarket,Alfamart
Alfamart Raya Takisung,-3.8787605,114.6591034,Minimarket,Alfamart
Alfamart Rest Area Sungkai,-3.1880705,115.0700645,Minimarket,Alfamart
Alfamart SUNGAI RAYA,-2.8027189,115.2599057,Toko,Alfamart
Alfamart Sungai Gampa,-3.0718269,114.7107722,Minimarket,Alfamart
Alfamart Sungai Lulut,-3.3185461,114.6516376,Minimarket,Alfamart
Alfamart Sutoyo S1,-3.3217332,114.5766401,Toko Swalayan,Alfamart
Alfamart Tibung Raya,-2.7915558,115.2634972,Toko umum,Alfamart
Alfamart Trans 3,-3.2560775,114.6086555,Minimarket,Alfamart
Alfamart Transkal Barito,-3.2379156,114.609771,Minimarket,Alfamart
Alfamart Transkal Km 19,-3.198437,114.5453627,Minimarket,Alfamart
Alfamart Transkal km 7,-3.2634728,114.6048079,Minimarket,Alfamart
Alfamart Veteran,-3.3200325,114.6015595,Minimarket,Alfamart
Alfamart Yos Sudarso,-3.3266987,114.5629461,Minimarket,Alfamart
Alfamart basirih,-3.3382715,114.5677744,Minimarket,Alfamart
Alfamart km 84 binuang,-3.1641399,115.0877966,Minimarket,Alfamart
Alfamart km. 90 Pulau Pinang,-3.1078041,115.0830731,Toko,Alfamart
Alfamart mantuil,-3.3492903,114.5594935,Toko,Alfamart
alfamart belitung darat,-3.3044665,114.5784912,Minimarket,Alfamart
alfamart raya takisung 2,-3.8445484,114.6839893,Toko bahan makanan,Alfamart
AGEN BRI'LINK W.RAHMA,-2.6493201,115.5346432,Toko,BRILink
AGEN BRILINK,-3.8877207,114.8243739,ATM,BRILink
AGEN BRILINK,-3.9103286,114.8153824,ATM,BRILink
"AGEN BRILINK ""LOKET HIZAM""",-2.4275867,115.245631,Toko,BRILink
AGEN BRILINK ALDA PHONE,-3.2866031,114.5964354,Toko Elektronik,BRILink
AGEN BRILINK HBB MAJU JAYA DAN TOUR&TRAVEL,-3.8086861,114.798724,Pelayan Proses,BRILink
AGEN BRILINK IRUL,-2.5334588,115.1370215,ATM,BRILink
AGEN BRILINK KEBUN JERUK,-3.275828,114.594306,ATM,BRILink
"AGEN BRILINK LOKET ARYASATYA (suport BRI, BNI, MANDIRI)",-3.8474621,115.2790762,ATM,BRILink
AGEN BRILINK M. ARIA PRAYUDI,-2.7837364,115.2697419,Jasa Pengiriman,BRILink
AGEN BRILINK MAIDI (KIOS ICHA),-2.4915233,115.4040032,ATM,BRILink
AGEN BRILink ARFI FHOTO,-3.3798839,115.8436216,Toko bahan makanan,BRILink
AGEN BRIlink BAKHIET CELL,-3.2916143,114.6119789,Toko Aksesori Ponsel,BRILink
AGENBRILINK AFRIA ANGGRAINI,-3.4328103,114.9257648,Pusat Perbelanjaan,BRILink
AGENT BRILINK BERKAT GURU CELL,-2.8810554,114.9381377,Pusat Perbelanjaan,BRILink
ATM BRILINK,-2.2739002,115.2995058,ATM,BRILink
ATM BRILINK NORMAN,-2.3388149,115.2909041,ATM,BRILink
Agen BRI Link (Toko Nusa Indah),-3.4502227,116.0074064,Toko Swalayan,BRILink
Agen BRI link thamrin,-2.4633455,115.1099531,Toko Aksesori Ponsel,BRILink
Agen BRILINK UPL SYAHRIANNOOR,-3.2699502,114.6078696,Pusat Perbelanjaan,BRILink
"Agen BRILink ""Didy Rosasi""",-2.794374,115.4951249,ATM,BRILink
Agen BRILink & Toko Sembako Ihdi Wahfiyudin,-2.7494418,115.2461888,Toko,BRILink
Agen BRILink Bai'at,-3.1892173,115.250027,ATM,BRILink
Agen BRILink Dan Agen MANDIRI,-3.2533708,114.5663611,Kios,BRILink
Agen BRILink Syabel,-3.4209906,114.9485946,ATM,BRILink
Agen BRILink Syahrani,-3.2744802,114.6066695,ATM,BRILink
Agen BRILink Syahrani,-3.2744555,114.6066749,ATM,BRILink
Agen BRILink Toko Aditya,-2.4432017,115.239034,Pusat Bisnis,BRILink
Agen BRILink Toko Annisa,-2.4146671,115.2963214,Pusat Perbelanjaan,BRILink
Agen BRILink Toko RIDHO,-2.4095371,116.2431782,Toko,BRILink
Agen BRILink Toko Ridho,-3.4300028,114.7422458,Toko Alat Tulis,BRILink
Agen BRILink Toko Vidi,-2.3790598,116.2973632,Toko bahan makanan,BRILink
Agen BRILink Zahira Adzkiya,-3.5835981,114.5864576,Terminal pembayaran,BRILink
Agen BRILink rumah daster vinda,-3.2750291,114.598807,ATM,BRILink
Agen BRIlink TOKO Azzahra,-3.2374947,115.9936256,Toko Perlengkapan Rumah,BRILink
Agen BRIlink toko masruni rasyid,-2.4825877,115.2127571,Toko,BRILink
Agen Brilink,-2.9626055,115.1540929,Lembaga Keuangan,BRILink
Agen Brilink,-3.274586,115.1122206,ATM,BRILink
Agen Brilink,-2.6845576,115.3238041,Bank,BRILink
Agen Brilink & Pembayaran Online Hasna Nabila,-2.7341817,115.3342608,Layanan Transfer Uang,BRILink
Agen Brilink AMB STORE,-2.3512239,115.279984,Bank,BRILink
Agen Brilink Akmalcell,-3.2989188,114.5755157,Toko Ponsel,BRILink
Agen Brilink Amalia,-2.4178177,115.2521197,Toko,BRILink
Agen Brilink Amanda,-2.4151893,115.2421953,ATM,BRILink
Agen Brilink Anncell,-2.4140247,115.2034894,ATM,BRILink
"Agen Brilink Banjarbaru, Melayani Pembayaran Online",-3.4385,114.836595,Minimarket,BRILink
Agen Brilink Barokah Dan Cuci Motor Barokah,-3.0101217,114.7836781,ATM,BRILink
Agen Brilink Hamdan Madani,-2.2639511,115.2842983,Toko Perlengkapan Rumah,BRILink
Agen Brilink Harris Syahriza,-3.2909754,114.6109331,Bank,BRILink
Agen Brilink Iqbal Ponsel & Photocopy,-2.6435036,115.45126,Toko,BRILink
Agen Brilink Kamrani,-3.3443453,114.5945074,Kios,BRILink
Agen Brilink Munir 3,-3.3265925,114.5609058,Bank,BRILink
Agen Brilink Rahmadani Ada Di Toko At-Thahir,-2.4912286,115.2338731,ATM,BRILink
Agen Brilink Yudistira-dadang,-3.4642134,114.7652952,Toko bahan makanan,BRILink
Agen Brilink Zahro,-3.3129134,114.7294449,Kios,BRILink
Agen Naufal Brilink / Rahmadi,-2.5364434,115.2987448,Toko,BRILink
Agen Sari BRILink,-3.3476838,114.6393303,Layanan perbankan bisnis,BRILink
Agen brilink Rinawati dan toko Bu Wulan ecer dan grosir,-2.7323266,116.1860016,Toko,BRILink
Agen brilink TokoToko SRC Arief,-2.8211123,114.6463247,Toko bahan makanan,BRILink
AgenBRILink SARBANI,-3.4260679,115.7002967,Toko bahan makanan,BRILink
AgenBRILink Toko Witavia,-3.3777863,114.6398321,Toko bahan makanan,BRILink
BRI LINK,-2.7793841,115.2667968,Layanan Transfer Uang,BRILink
BRI LINK ( agen BRI ) jalan angkasa syamsudinoor..,-3.4372727,114.7490785,Bank,BRILink
BRI LINK Kios Royya,-3.5025166,114.8282429,Toko Fotokopi,BRILink
BRI Link Rahma cell,-3.6654032,114.7077725,ATM,BRILink
BRILINK D'MORA,-3.3001919,114.5769917,Bank,BRILink
BRILINK HARIS PONSEL & Toko listrik,-3.3337048,114.6078478,ATM,BRILink
BRILINK NADA PONSEL,-2.7801864,115.2623776,Toko Aksesori Ponsel,BRILink
BRILINK RAHMAN ( AQIL CELL) BATOLA,-2.9866973,114.7729132,Pusat Perbelanjaan,BRILink
BRILINK Satui,-3.7794667,115.3964377,Toko,BRILink
BRILink & Print Fotocopy Scan Laminating & Toko Sembako Serba Ada Winda Mutia Mart,-3.3401901,114.5800479,ATM,BRILink
BRILink MAIMUNAH,-3.3322154,114.4734903,Toko Aksesori Ponsel,BRILink
BRILink Sri Wahyuni - Toko MILA,-3.7237647,115.6308427,Toko bahan makanan,BRILink
BRILink Sungai Rangas,-3.3222892,114.7774007,ATM,BRILink
BRIlink al gifari,-3.3723355,114.8314398,Bank,BRILink
Borneo ponsel Brilink Resmi,-3.1377549,114.6909014,Toko Ponsel,BRILink
Brilink,-3.2360746,115.051901,Bank,BRILink
Brilink Berangas,-3.3838844,116.2392468,ATM,BRILink
Brilink Dua Sri,-3.8174127,115.347362,Toko bahan makanan,BRILink
Brilink Dunia Pulsa,-3.7884364,115.3857755,Layanan Pengiriman Uang,BRILink
Brilink Icha,-3.333216,114.595375,Minimarket,BRILink
Brilink Loket CMY,-3.4248491,114.8134013,ATM,BRILink
Brilink M.Yusuf Cell,-3.4467901,114.8313412,Toko Ponsel,BRILink
Brilink Putri Pumela,-2.5919624,115.1870505,Kantor Perusahaan,BRILink
Brilink Sungai Rangas 2,-3.3230262,114.7749633,Bank,BRILink
Brilink Syahrudin,-3.2894776,114.5877999,ATM,BRILink
Brilink Toko Rahman,-3.5893271,114.7437462,Pusat Perbelanjaan,BRILink
Brilink dan isi ulang galon,-3.1931232,114.5405184,Kantor Perusahaan,BRILink
Counter BriLink R2_cell,-2.4103233,115.2615324,Toko Ponsel,BRILink
DA 33 CELLULAR BRILink,-3.4482074,114.8107876,Layanan perbankan bisnis,BRILink
FAEYZA BRILINK,-2.737267,115.278051,Bank,BRILink
Fajar BRILINK,-2.7117446,115.3366313,Layanan Transfer Uang,BRILink
Idangrini Agen Brilink,-2.3819445,115.2962515,Bank,BRILink
Io Brilink,-2.5945707,115.3673139,Bank,BRILink
KASMAWARDI BRILINK,-3.2859586,114.5907888,Pusat Perbelanjaan,BRILink
KIOS RAN BRILINK,-2.5867377,115.3827088,Toko,BRILink
Kios Khairani & Agen Brilink Yanti Cell,-2.6308246,115.1187821,Toko,BRILink
MUTIARA BRILINK,-3.2666381,114.6269196,Bank,BRILink
My Brilink,-2.274055,115.298848,Bank,BRILink
Mya Gorden Agen BRILINK,-3.2885208,114.5867445,Toko Perlengkapan Rumah,BRILink
Pasar THR Lingkar Selatan [Loket Tridari - Agen BRILINK],-3.331772,114.5622466,Pasar,BRILink
Poto Copy / Agen BRILINK / Agen BSI,-2.5785596,115.2605629,Toko,BRILink
RANI PONSEL BRILINK,-3.266701,114.5398967,Toko Perlengkapan Rumah,BRILink
Rabiatul A Brilink 12,-2.6304987,115.0787192,Bank,BRILink
Sumber Cell Amuntai Agen Brilink,-2.4373243,115.2408501,Toko,BRILink
TOKO AGEN BRILINK JAMAL PONSEL/ISI ULANG GALON,-2.9970677,114.7861326,Toko Swalayan,BRILink
TOKO AL BUCHORI & AGEN BRILINK,-3.3190355,114.6555772,Toko,BRILink
"TOKO ALVIO ,Agen brilink",-3.4160354,114.7383654,Toko,BRILink
"Toko Mukhbit (Agen BRILink, BukaLapak, Ponsel, Toko Sembako)",-3.4552341,114.7002985,Toko,BRILink
Toko Sairy Agen BRILINK,-3.2680136,115.8121571,Toko Perlengkapan Rumah,BRILink
Toko Sundari Agen BRIlink,-3.246378,115.763207,Toko Perlengkapan Rumah,BRILink
Toko dan agen brilink bowo,-2.9680786,114.7520728,Toko,BRILink
Toko sembako hadijah Agin brilink Nadia Collection,-3.3117595,114.5854451,Layanan perbankan bisnis,BRILink
agen BRILINK MAHRITA,-3.9983057,114.6997332,ATM,BRILink
ATM BANK BCA,-3.3633942,114.6370487,ATM,Bank BCA
ATM BCA,-3.4414051,114.7360037,ATM,Bank BCA
ATM BCA,-3.2919876,114.5892764,ATM,Bank BCA
ATM BCA,-3.4228356,114.8499669,ATM,Bank BCA
ATM BCA,-3.3133805,114.5791982,ATM,Bank BCA
ATM Bank BCA,-3.3243714,114.602187,ATM,Bank BCA
ATM Bank BCA 025T-SPBU Belitung Darat,-3.3022762,114.5754964,Bank,Bank BCA
ATM Bank BCA 5546-Plaza Posindo,-3.3277784,114.586227,Bank,Bank BCA
ATM Bank BCA 5749-SPBU Coco Banjarbaru,-3.4432065,114.8261983,Bank,Bank BCA
ATM Bank BCA 5909-Permata Zamrud Plaza,-3.416644,114.850189,Bank,Bank BCA
ATM Bank BCA 7482-Diny Mini Market,-3.336914,114.617113,Bank,Bank BCA
ATM Bank Central Asia (BCA),-3.3229074,114.5919283,ATM,Bank BCA
BCA Finance Banjarmasin,-3.3391812,114.6178737,Tambahkan kategori,Bank BCA
BCA KCP A. Yani,-3.3244348,114.6021482,Bank,Bank BCA
BCA KCP A. Yani II,-3.3560676,114.6316154,Bank,Bank BCA
BCA KCP Banjarbaru,-3.4424737,114.8209986,Bank,Bank BCA
BCA KCP Batulicin,-3.4294601,116.0023542,Bank,Bank BCA
BCA KCP Kas Martapura,-3.4219119,114.8500913,Bank,Bank BCA
BCA KCP Kas Pasar Baru,-3.3272214,114.5922492,Bank,Bank BCA
BCA KCP Kayu Tangi,-3.28437,114.59004,Bank,Bank BCA
BCA KCP Tanjung,-2.1735917,115.4155685,Bank,Bank BCA
BCA KCU BANJARMASIN,-3.3229251,114.5919496,Bank,Bank BCA
Bank Kalsel Cabang Barabai,-2.5855748,115.3857592,Bank,Bank BCA
HALO BCA,-3.3090048,114.5796285,ATM,Bank BCA
ATM BANK BNI Singakarsa,-2.7840359,115.2633643,ATM,Bank BNI
ATM BNI,-3.4562487,114.7561445,ATM,Bank BNI
ATM BNI,-3.3158355,114.6104898,ATM,Bank BNI
ATM BNI,-3.3225025,114.575421,ATM,Bank BNI
ATM BNI - Bank Mandiri - Bank Kalsel,-3.4389656,114.8315491,ATM,Bank BNI
ATM BNI BUNDARAN AMACO,-3.4389452,114.8219178,ATM,Bank BNI
ATM BNI Binuang,-3.1581616,115.0877139,ATM,Bank BNI
ATM BNI HOTEL ROYAL JELITA,-3.3397865,114.6185163,Bank,Bank BNI
ATM BNI KCU BANJAR BARU,-3.5221433,114.7163586,ATM,Bank BNI
ATM BNI KCU BARABAI,-2.5863799,115.3795339,Bank,Bank BNI
ATM BNI KCU Banjarmasin,-3.3268605,114.5902883,ATM,Bank BNI
ATM BNI KCU KOTABARU P. LAUT,-3.2372735,116.2274774,ATM,Bank BNI
ATM BNI KK PAGATAN,-3.61002,115.5511,Bank,Bank BNI
ATM BNI KK SERONGGA,-3.12067,116.02066,Bank,Bank BNI
ATM BNI KLN KANDANGAN,-2.7861466,115.2672709,ATM,Bank BNI
ATM BNI KLN P. ANTASARI BANJARMASIN,-3.3239084,114.590974,ATM,Bank BNI
ATM BNI PT.PELINDO JL.BARITO H,-3.3287006,114.5596609,Bank,Bank BNI
ATM BNI RSUD BRIGJ. H.HASAN BASRI,-2.8009546,115.2604727,Bank,Bank BNI
ATM BNI SPBU KM.94,-3.0796842,115.1003933,ATM,Bank BNI
ATM BNI Setor Tunai,-3.4534074,114.8463058,ATM,Bank BNI
ATM BNI TAMBARANGAN,-2.9991692,115.128971,Bank,Bank BNI
ATM BNI TERMINAL PARINGIN,-2.340472,115.4596461,Bank,Bank BNI
ATM Bank BNI,-3.434687,114.811,ATM,Bank BNI
ATM Bank Negara Indonesia (BNI),-3.3280523,114.5596955,ATM,Bank BNI
ATM Bank Negara Indonesia (Persero),-3.4534169,114.8463062,ATM,Bank BNI
Atm BNI Perumahan JHONLIN,-3.4092186,116.0051528,ATM,Bank BNI
BANK BNI A. YANI KM 8,-3.3610131,114.6345695,Bank,Bank BNI
BANK BNI ASAM ASAM,-3.9025,115.0874,Bank,Bank BNI
BANK BNI BANJARMASIN,-3.32701,114.59025,Bank,Bank BNI
BANK BNI BARABAI,-2.58615,115.37941,Bank,Bank BNI
BANK BNI BATU LICIN,-3.4273,116.0033,Bank,Bank BNI
BANK BNI KANDANGAN,-2.7860103,115.267144,Bank,Bank BNI
BANK BNI KOTA BARU P LAUT,-3.2373,116.2274,Bank,Bank BNI
BANK BNI P. ANTASARI BANJARMASIN,-3.3238843,114.5908424,Bank,Bank BNI
"BANK BNI PASARBARU, BMS",-3.3261869,114.5944068,Bank,Bank BNI
BANK BNI PELAIHARI,-3.7989,114.7711,Bank,Bank BNI
BANK BNI RANTAU,-2.93245,115.15269,Bank,Bank BNI
BANK BNI SERONGGA,-3.1948,115.99,Bank,Bank BNI
BNI,-3.441294,114.7358466,Bank,Bank BNI
BNI,-3.3608196,114.6343712,Bank,Bank BNI
BNI,-3.3535482,114.6295717,ATM,Bank BNI
BNI,-3.425645,114.849484,Bank,Bank BNI
BNI,-3.3221721,114.5983026,Bank,Bank BNI
BNI 46 ATM,-3.3187343,114.5865863,ATM,Bank BNI
BNI A YANI BANJARMASIN,-3.330463,114.611516,Bank,Bank BNI
BNI AMUNTAI,-2.4262446,115.2485954,Bank,Bank BNI
BNI ATM,-3.3011804,114.5727096,ATM,Bank BNI
BNI ATM,-3.439333,114.8482666,ATM,Bank BNI
BNI ATM,-3.4196812,114.8463777,ATM,Bank BNI
BNI ATM,-3.4237176,114.8516198,ATM,Bank BNI
BNI ATM,-3.4456895,114.8304237,ATM,Bank BNI
BNI ATM,-3.4420659,114.737538,ATM,Bank BNI
BNI ATM,-3.4471458,114.8064399,ATM,Bank BNI
BNI ATM,-3.43813,114.843512,ATM,Bank BNI
BNI BALANGAN,-2.3404272,115.459542,Bank,Bank BNI
BNI BANJAR BARU,-3.4431091,114.8271972,Bank,Bank BNI
BNI CABANG BANJARMASIN,-3.3238877,114.5909536,Bank,Bank BNI
BNI CEMPAKA,-3.4533322,114.8462699,Bank,Bank BNI
BNI KAMPUNG MELAYU,-3.3181987,114.6040753,Bank,Bank BNI
BNI KCP BATULICIN,-3.4273092,116.0033544,Bank,Bank BNI
BNI KK BINUANG,-3.1639073,115.0872044,Bank,Bank BNI
BNI MARABAHAN,-2.979269,114.7662715,Bank,Bank BNI
BNI Martapura,-3.4113502,114.8495004,Bank,Bank BNI
"BNI PASARBARU, BMS",-3.3272089,114.593526,Bank,Bank BNI
BNI PELINDO III BANJARMASIN,-3.3285009,114.5596826,Bank,Bank BNI
BNI SUNGAI DANAU,-3.7787713,115.396852,Bank,Bank BNI
BNI Securities Banjarmasin,-3.3286434,114.6029806,Bank Investasi,Bank BNI
BNI Sultan Adam,-3.2945252,114.6010587,Bank,Bank BNI
BNI Syariah KCP Sungai Danau,-3.780567,115.437698,Bank,Bank BNI
BNI TANJUNG,-2.1738118,115.4159217,Bank,Bank BNI
BNI UNLAM,-3.2976109,114.5877319,Bank,Bank BNI
Bank BNI 46,-3.0206095,114.3919977,Bank,Bank BNI
Bank BNI KLN Mayjend Sutoyo,-3.32249,114.5754702,Bank,Bank BNI
Bank BNI Kc.Srongga,-3.1911596,115.9843367,Bank,Bank BNI
Bank Nasional Indonesia (Persero). PT. (BNI 46),-3.3250259,114.5913461,Bank,Bank BNI
Bank Negara Indonesia (BNI) Pagatan,-3.6043908,115.9288277,Bank,Bank BNI
Bank Negara Indonesia (Persero) Tbk. PT,-3.4111733,114.8495166,Bank,Bank BNI
Bank Syariah Indonesia KC Banjarbaru,-3.442775,114.8395501,Bank,Bank BNI
Bank Syariah Indonesia Kantor Cabang Banjarmasin,-3.3360812,114.6167333,Bank,Bank BNI
Bni,-3.3842125,114.6517656,Bank,Bank BNI
Bni,-3.421021,116.0023961,Bank,Bank BNI
Bni Agen46,-3.4431279,114.7507751,Bank,Bank BNI
Kantor BNI Wilayah 9 Banjarmasin,-3.3238292,114.5909294,Bank,Bank BNI
Kantor Cabang BNI Banjarmasin,-3.3269715,114.5903018,Bank,Bank BNI
Loket Dmarini BNI,-3.2985499,114.5964693,Bank,Bank BNI
PT BNI (Persero)Tbk KLN Pelaihari,-3.7989005,114.7709975,Bank,Bank BNI
BANK BRI,-3.3286334,114.5724671,Bank,Bank BRI
BANK BRI,-3.293361,114.58925,Bank,Bank BRI
BANK BRI,-3.3396355,114.5935084,Bank,Bank BRI
BANK BRI MUNGKUR UYAM,-2.2674192,115.5755513,Bank,Bank BRI
BANK BRI SIMPUR,-2.8158016,115.2104839,Bank,Bank BRI
BANK BRI Unit Kertak Hanyar,-3.3669144,114.6391512,Bank,Bank BRI
BRI Cabang Martapura,-3.406028,114.8469497,Bank,Bank BRI
BRI Cabang Pelaihari,-3.8017732,114.7642136,Bank,Bank BRI
BRI Cabang Tambarangan,-3.0518134,115.1857894,Bank,Bank BRI
BRI KCP Melayu,-3.31863,114.6041,Bank,Bank BRI
BRI KCP PALAPAN,-3.3600487,114.6347065,Bank,Bank BRI
BRI Kantor Cabang Batulicin,-3.4332193,116.0010007,Bank,Bank BRI
BRI Kantor Cabang Kotabaru,-3.2353579,116.2291586,Bank,Bank BRI
BRI Regional Office Banjarmasin,-3.3284412,114.6098759,Bank,Bank BRI
BRI Syamsuddin Noor,-3.4420709,114.7448165,Bank,Bank BRI
BRI UNIT AMUNTAI TENGAH,-2.4195403,115.2567986,Bank,Bank BRI
BRI UNIT LOKTABAT,-3.4429851,114.8229011,Bank,Bank BRI
BRI UNIT PANGLIMA BATUR,-3.438809,114.823467,Bank,Bank BRI
BRI Unit Ahmad Yani,-3.3383017,114.6174344,Bank,Bank BRI
BRI Unit Binuang,-3.1599321,115.0881746,Bank,Bank BRI
BRI Unit Daha,-2.6306023,115.1066464,Bank,Bank BRI
BRI Unit Gagas,-3.7999315,114.7769158,Bank,Bank BRI
BRI Unit Handil Bakti,-3.2739953,114.5994923,Bank,Bank BRI
BRI Unit Murakata,-2.5862845,115.3762254,Bank,Bank BRI
BRI Unit Pagat,-2.621437,115.418815,Bank,Bank BRI
BRI Unit Sei. Loban,-3.6496155,115.7531951,Bank,Bank BRI
BRI Unit Sengayam,-2.3348267,116.01033,Bank,Bank BRI
BRI unit Palampitan,-2.4203054,115.2508482,Bank,Bank BRI
Bank BRI,-3.0838417,115.0974904,Bank,Bank BRI
Bank BRI,-3.4525872,116.0016277,Bank,Bank BRI
Bank BRI,-3.4427771,114.8390708,Bank,Bank BRI
Bank BRI,-3.3202586,114.5830703,Bank,Bank BRI
Bank BRI,-3.4369979,114.8448029,Bank,Bank BRI
Bank BRI,-3.42022,114.85021,Bank,Bank BRI
Bank BRI ATM - UNIT BRI TRISAKTI BANJARMASIN,-3.3248234,114.5619094,ATM,Bank BRI
Bank BRI Balangan,-2.3405273,115.4597764,Bank,Bank BRI
Bank BRI CRM - KCP KAYU TANGI,-3.2933617,114.5892532,ATM,Bank BRI
Bank BRI Cabang Amuntai,-2.4193588,115.2533607,Bank,Bank BRI
Bank BRI Cabang Rantau,-2.9328002,115.1515129,Bank,Bank BRI
Bank BRI KC Banjarmasin Ahmad Yani,-3.3283977,114.6098836,Bank,Bank BRI
Bank BRI KC Kandangan,-2.7849193,115.2680263,Bank,Bank BRI
Bank BRI KCP Paringin,-3.406894,114.848134,Bank,Bank BRI
Bank BRI KCP Pasar Baru Banjarmasin,-3.3272774,114.5914166,Bank,Bank BRI
Bank BRI KK Intan Banjar,-3.4414511,114.8294624,Bank,Bank BRI
Bank BRI KK Lambung Mangkurat,-3.3240871,114.5908142,Bank,Bank BRI
Bank BRI Kanwil Banjarmasin,-3.328311,114.6098494,Bank,Bank BRI
Bank BRI Lampihong,-2.3335909,115.3795869,Bank,Bank BRI
Bank BRI Layanan keuangan,-3.409005,114.6720406,Bank,Bank BRI
Bank BRI PASAR GARUDA,-2.5859965,115.3821013,Bank,Bank BRI
Bank BRI TERAS Pasar Binuang,-3.1595095,115.0882474,Bank,Bank BRI
Bank BRI TERAS Pasar Harian Simpang Empat,-3.31089,115.99052,Bank,Bank BRI
Bank BRI TERAS Pasar Keraton,-2.93556,115.14981,Bank,Bank BRI
Bank BRI TERAS Pasar Raya Kalimantan,-2.93159,115.15451,Bank,Bank BRI
Bank BRI TERAS Pasar Ulin Raya,-3.4418841,114.7339671,Bank,Bank BRI
Bank BRI UNIT Alabio,-2.43362,115.13951,Bank,Bank BRI
Bank BRI UNIT Anjir Pasar,-3.2049147,114.5502268,Bank,Bank BRI
Bank BRI UNIT Astambul,-3.3292573,114.955536,Bank,Bank BRI
Bank BRI UNIT Bakumpai,-2.9836234,114.7711223,Bank,Bank BRI
Bank BRI UNIT Barabai Kota,-2.5866647,115.3839989,Bank,Bank BRI
Bank BRI UNIT Belitung,-3.3059859,114.579529,Bank,Bank BRI
Bank BRI UNIT Gambut,-3.409081,114.671851,Bank,Bank BRI
Bank BRI UNIT Guntung Payung Ahmad Yani,-3.4478394,114.8041336,Bank Tabungan,Bank BRI
Bank BRI UNIT Indra Sari,-3.4350783,114.8637547,Bank,Bank BRI
Bank BRI UNIT Jorong,-3.9751322,114.9253159,Bank,Bank BRI
Bank BRI UNIT Karang Bintang,-3.26764,115.83086,Bank,Bank BRI
Bank BRI UNIT Kintap,-3.85099,115.22388,Bank,Bank BRI
Bank BRI UNIT Margasari,-2.92649,114.92786,Bank,Bank BRI
Bank BRI UNIT Negara,-2.6324306,115.1094507,Bank,Bank BRI
Bank BRI UNIT PERDAGANGAN,-3.2894949,114.5937624,Bank,Bank BRI
Bank BRI UNIT Pangeran Antasari,-2.78532,115.26433,Bank,Bank BRI
Bank BRI UNIT Pantai Hambawang,-2.647358,115.3311247,Bank,Bank BRI
Bank BRI UNIT Paringin,-2.29798,115.47847,Bank,Bank BRI
Bank BRI UNIT Pasar Baru Banjarmasin,-3.3257508,114.5925805,Bank,Bank BRI
Bank BRI UNIT Pasar Kandangan,-2.7892983,115.2674383,Bank,Bank BRI
Bank BRI UNIT Pasar Kemakmuran,-3.2379,116.22645,Bank,Bank BRI
Bank BRI UNIT Pleihari Kota,-3.6084986,114.7018361,Bank,Bank BRI
Bank BRI UNIT Pulau Pinang,-3.12155,115.07798,Bank,Bank BRI
Bank BRI UNIT Rantau Barat,-2.9391469,115.1496054,Bank,Bank BRI
Bank BRI UNIT Rantau Timur,-2.93159,115.15451,Bank,Bank BRI
Bank BRI UNIT S. Parman,-3.315955,114.5899924,Bank,Bank BRI
Bank BRI UNIT Sungai Danau,-3.7775314,115.4009837,Bank,Bank BRI
Bank BRI UNIT Sungai Gampa,-3.072293,114.7104747,Bank,Bank BRI
Bank BRI UNIT Sungai Raya Kandangan,-2.8037779,115.259692,Bank,Bank BRI
Bank BRI UNIT Teluk Tiram,-3.327163,114.5849009,Bank,Bank BRI
Bank BRI UNIT Wanaraya,-3.060961,114.619707,Bank,Bank BRI
Bank BRI Unit Antasari,-3.3283827,114.6009141,Bank,Bank BRI
Bank BRI Unit Banjar Selatan,-3.3297755,114.5942225,Bank,Bank BRI
Bank BRI Unit Banjarbaru,-3.442695,114.834968,Bank,Bank BRI
Bank BRI Unit Basarang,-3.0203607,114.3914646,Bank,Bank BRI
Bank BRI Unit Bati Bati,-3.5999905,114.7029071,Bank,Bank BRI
Bank BRI Unit Danau Panggang,-2.463419,115.1047891,Bank,Bank BRI
Bank BRI Unit Ilung,-2.5194236,115.4089955,Bank,Bank BRI
Bank BRI Unit Kasarangan,-2.617736,115.289897,Bank,Bank BRI
Bank BRI Unit Kelua,-2.2812612,115.2962857,Bank,Bank BRI
Bank BRI Unit Keraton,-3.4217102,114.8473538,Bank,Bank BRI
Bank BRI Unit Kuripan,-3.320011,114.60359,Bank,Bank BRI
Bank BRI Unit Liang Anggang,-3.4434857,114.6975662,Bank,Bank BRI
Bank BRI Unit Pakapuran,-2.405038,115.2604287,Bank,Bank BRI
Bank BRI Unit Suryagandamana,-3.9754217,116.0618151,Bank Tabungan,Bank BRI
Bank BRI Unit Takisung,-3.8834421,114.6524872,Bank Tabungan,Bank BRI
Bank BRI Unit Tamban,-3.3310027,114.4775008,Bank,Bank BRI
Bank Bri,-2.9992273,115.12895,Bank,Bank BRI
Bank Bri,-3.3438756,114.6295811,Bank,Bank BRI
Bank Bri,-3.1501907,114.5028387,Bank,Bank BRI
Bank Bri,-3.4086161,116.0038739,Bank,Bank BRI
Bank Bri pasar lama,-3.311776,114.591575,Bank,Bank BRI
Bank Rakyat Indonesia,-3.329732,114.5941794,Bank,Bank BRI
Bank Rakyat Indonesia,-3.4428136,114.8393504,Bank,Bank BRI
Bank Rakyat Indonesia,-3.0177383,114.3862539,Bank,Bank BRI
Bank Rakyat Indonesia,-3.4060614,114.8469128,Bank,Bank BRI
Bank Rakyat Indonesia. PT,-2.9787457,114.7674221,Bank,Bank BRI
Bank Rakyat Indonesia. PT,-3.2515086,116.2145381,Bank,Bank BRI
Bank TERAS BRI,-3.6817939,115.681656,Bank,Bank BRI
Bri Kcp Sungai Danau,-3.7798248,115.3953473,Bank,Bank BRI
Kantor Bank BRI unit BIRAYANG,-2.5485856,115.447142,Bank Tabungan,Bank BRI
Kantor Cabang BRI Banjarmasin Samudera,-3.3251537,114.592188,Bank,Bank BRI
PT. Bank Rakyat Indonesia,-2.3349766,115.4615417,Bank,Bank BRI
PT.BANK RAKYAT INDONESIA (PERSERO) TBK UNIT SUNGAI CUKA,-3.840089,115.3328033,Bank,Bank BRI
ATM Bank BTN,-3.3275965,114.6086758,ATM,Bank BTN
ATM Bank BTN,-3.3230019,114.601234,ATM,Bank BTN
ATM Bank BTN,-3.3277829,114.6048599,ATM,Bank BTN
ATM Bank BTN,-3.4436049,114.8176665,ATM,Bank BTN
ATM Bank BTN,-3.3401503,114.6283923,ATM,Bank BTN
ATM Bank Tabungan Negara (Persero) Tbk,-3.328149,114.5879579,ATM,Bank BTN
ATM Bank Tabungan Negara (Persero) Tbk,-3.30203,114.58918,ATM,Bank BTN
BANK BTN,-3.27301,114.5998055,Bank,Bank BTN
BANK BTN,-3.3694337,114.6410433,Bank,Bank BTN
BANK BTN,-3.2906768,114.5892641,Bank,Bank BTN
BSN KC Banjarmasin,-3.341699,114.620691,Bank,Bank BTN
BSN KCP Banjarbaru,-3.4427989,114.834461,Bank,Bank BTN
BTN KC Banjarbaru,-3.4435977,114.8176814,Bank,Bank BTN
BTN KC Banjarmasin,-3.3280871,114.5879264,Bank,Bank BTN
BTN KCP Barabai,-2.5898183,115.3735021,Bank,Bank BTN
BTN KK Layanan Pos Online Banjarmasin,-3.3248856,114.5912637,Bank,Bank BTN
BTN Landasan Ulin,-3.441246,114.7400912,Kantor Perusahaan,Bank BTN
BTPN KCP Barabai,-2.5839571,115.3834713,Bank,Bank BTN
BTPN KCP Kandangan,-2.7847149,115.2676824,Bank,Bank BTN
BTPN KCP Kotabaru,-3.2378696,116.2266147,Bank,Bank BTN
BTPN KCP Pelaihari,-3.799686,114.746696,Bank,Bank BTN
Bank & ATM BTN cab. Martapura,-3.435953,114.848777,ATM,Bank BTN
Bank BTN,-2.583015,116.377995,Bank,Bank BTN
Bank BTN,-3.3185415,114.6508458,Bank,Bank BTN
Bank BTN,-3.3229829,114.599134,"
btn.co.id",Bank BTN
Bank BTN - Kota Pelaihari,-3.8009234,114.7758466,Bank,Bank BTN
Bank BTN ATM,-3.4412602,114.7400281,ATM,Bank BTN
Bank BTN KCP Kapuas,-3.0170535,114.3855397,Bank,Bank BTN
Bank BTN KCP Tanjung,-2.171762,115.4051988,Bank,Bank BTN
Bank BTN Kantor Kas Sultan Adam,-3.2940052,114.6009757,Bank,Bank BTN
Bank BTPN Banjarbaru,-3.436958,114.848045,Bank,Bank BTN
Bank Btn Atm,-3.4318851,114.861035,Tambahkan nomor telepon tempat ini,Bank BTN
Bank Tabungan Negara (BTN),-3.4269101,116.0041341,Bank,Bank BTN
Bank Tabungan Negara (Persero) Tbk. PT,-3.3267734,114.5912217,Bank,Bank BTN
Bank Tabungan Pensiunan Nasional. PT,-2.4377231,115.2442638,Bank,Bank BTN
Bank Tabungan Pensiunan Nasional. PT Tbk,-2.9371794,115.1444706,Bank,Bank BTN
Btn Bank,-3.4411597,114.7399131,Bank,Bank BTN
Komplek BTN Kota Raja,-2.4327701,115.2407155,Kompleks Apartemen,Bank BTN
ATM Bank Kalsel Kantor Cabang Utama Terminal II,-3.3257675,114.5901355,ATM,Bank Kalsel
ATM Bank Pembangunan Daerah Kalimantan Selatan (Bank Kalsel),-3.3220966,114.6056002,ATM,Bank Kalsel
BPD Kalsel Martapura,-3.4111502,114.844468,Bank,Bank Kalsel
Bank Kalsel,-3.4578565,114.8476812,Bank,Bank Kalsel
Bank Kalsel,-3.3466571,114.6233489,Bank,Bank Kalsel
Bank Kalsel,-3.3202979,114.5851537,Bank Darah,Bank Kalsel
Bank Kalsel,-3.1204701,115.079422,Bank,Bank Kalsel
Bank Kalsel,-3.3082502,114.5979005,Bank,Bank Kalsel
Bank Kalsel,-2.5684947,115.3509144,Bank,Bank Kalsel
Bank Kalsel,-2.5897852,115.387179,Bank,Bank Kalsel
Bank Kalsel,-2.2745653,115.5688632,Bank,Bank Kalsel
Bank Kalsel - Divisi Komersial dan Korporat,-3.3136349,114.5898346,Bank,Bank Kalsel
Bank Kalsel Cab. Rantau,-2.9328693,115.1510907,Bank,Bank Kalsel
Bank Kalsel Cabang Ahmad Yani,-3.3271703,114.607945,Bank,Bank Kalsel
Bank Kalsel Cabang Amuntai,-2.4218544,115.2534411,Bank,Bank Kalsel
Bank Kalsel Cabang Banjarbaru,-3.4426197,114.826413,Bank,Bank Kalsel
Bank Kalsel Cabang Kandangan,-2.7840259,115.2642471,Bank,Bank Kalsel
Bank Kalsel Cabang Kotabaru,-3.2374691,116.2280418,Bank,Bank Kalsel
Bank Kalsel Cabang Marabahan,-2.9793071,114.7659759,Bank Tabungan,Bank Kalsel
Bank Kalsel Cabang Martapura,-3.4100945,114.8489063,Bank,Bank Kalsel
Bank Kalsel Cabang Paringin,-2.3343751,115.4613767,Bank,Bank Kalsel
Bank Kalsel Cabang Pelaihari,-3.8026327,114.7679404,Bank,Bank Kalsel
Bank Kalsel Capem Kantor Gubernur Banjarbaru,-3.4863815,114.8260008,Bank,Bank Kalsel
Bank Kalsel Capem Satui,-3.7799258,115.3960652,Bank,Bank Kalsel
Bank Kalsel KCP Gunung Tinggi,-3.483398,115.9465723,Bank,Bank Kalsel
Bank Kalsel KCP Nagara,-2.6307412,115.1060384,Bank,Bank Kalsel
Bank Kalsel KCP Pemkab Tala,-3.7992171,114.782351,Bank,Bank Kalsel
Bank Kalsel KCPS kedai Gatot Subroto,-3.3312978,114.614223,Bank,Bank Kalsel
Bank Kalsel KK Kantor Gubernur Kalsel,-3.3138353,114.5914994,Bank,Bank Kalsel
Bank Kalsel Kantor Kas Pemkab Balangan,-2.3644281,115.4711225,Bank,Bank Kalsel
Bank Kalsel Kantor Kas Pemko,-3.3277971,114.5891123,Bank,Bank Kalsel
Bank Kalsel Kantor Kas RSUD Ratu Zalecha,-3.4190288,114.8457319,Bank,Bank Kalsel
Bank Kalsel Kedai Syariah Amuntai,-2.4195645,115.2565166,Bank,Bank Kalsel
Bank Kalsel Kedai Syariah Martapura,-3.4207862,114.8501925,Bank,Bank Kalsel
Bank Kalsel Kedai Syariah Paringin,-2.340553,115.4598202,Bank,Bank Kalsel
Bank Kalsel Kedai Syariah Pelaihari,-3.7994816,114.7703201,Bank,Bank Kalsel
Bank Kalsel Limbur Raya,-3.2393838,116.2256819,Bank,Bank Kalsel
Bank Kalsel Lontar,-3.9773459,116.063267,Bank,Bank Kalsel
Bank Kalsel Pasar Ulin Raya,-3.4422311,114.7392341,Bank,Bank Kalsel
Bank Kalsel SYARIAH,-3.3174556,114.5919388,Bank,Bank Kalsel
Bank Kalsel Syari'ah Kandangan,-2.7864286,115.2673195,Bank,Bank Kalsel
Bank Kalsel Syariah,-3.3087233,114.5886764,Bank,Bank Kalsel
Bank Kalsel Syariah,-3.4391056,114.8483883,Bank,Bank Kalsel
Bank Kalsel Syariah,-3.2891783,114.5944974,Bank,Bank Kalsel
Bank Kalsel Syariah,-3.4460066,114.8337325,Bank,Bank Kalsel
Bank Kalsel Syariah,-3.2832472,114.5892182,Bank,Bank Kalsel
Bank Kalsel Syariah Batulicin,-3.4357472,116.0015411,Bank,Bank Kalsel
Bank Kalsel Syariah Cabang Banjarmasin,-3.3005518,114.5896709,Bank,Bank Kalsel
Bank Kalsel Unit Alabio,-2.4679848,115.2138665,Bank Tabungan,Bank Kalsel
Bank Kalsel Unit Angsana,-3.7134175,115.6047356,Bank,Bank Kalsel
Bank Kalsel Unit Anjir Pasar,-3.1500012,114.5030633,Bank,Bank Kalsel
Bank Kalsel Unit Banjarmasin Timur,-3.3199438,114.6084435,Bank,Bank Kalsel
Bank Kalsel Unit Bati - Bati,-3.6043067,114.7027166,Bank,Bank Kalsel
Bank Kalsel Unit Binuang,-3.1589618,115.0882116,Bank,Bank Kalsel
Bank Kalsel Unit Birayang,-2.5483131,115.4479596,Bank,Bank Kalsel
Bank Kalsel Unit Handil Bhakti,-3.2640813,114.6045715,Bank,Bank Kalsel
Bank Kalsel Unit Kelua,-2.2826792,115.2957146,Bank,Bank Kalsel
Bank Kalsel Unit Margasari,-2.8816048,114.9364843,Bank,Bank Kalsel
Bank Kalsel Unit Mataraman,-3.3296257,114.9547677,Bank,Bank Kalsel
Bank Kalsel Unit Murakata,-2.5855571,115.3835477,Bank,Bank Kalsel
Bank Kalsel Unit SEKUMPUL,-3.4342326,114.8633542,Bank,Bank Kalsel
Bank Kalsel Unit Sengayam,-2.3450924,116.0117293,Bank,Bank Kalsel
Bank Kalsel Unit Sentra Antasari,-3.3284295,114.6021766,Bank,Bank Kalsel
Bank Kalsel Unit Serongga,-3.1914395,115.9851306,Bank,Bank Kalsel
Bank Kalsel cabang Batulicin,-3.4326473,116.0019271,Bank,Bank Kalsel
Bank Pembangunan Daerah Kalimantan Selatan (Bank Kalsel),-3.3198311,114.6086478,Bank,Bank Kalsel
Kantor BPD Unit Pagatan /ATM Bank Kalsel,-3.6049549,115.931755,ATM,Bank Kalsel
Kantor Kas Bank Pembangunan Daerah Kalimantan Selatan,-3.3162958,114.5912999,Bank,Bank Kalsel
Kantor Kas Bank Pembangunan Daerah Kalimantan Selatan (Bank Kalsel),-3.3373943,114.6313517,Bank,Bank Kalsel
Kantor Kas Bank Pembangunan Daerah Kalimantan Selatan (Bank Kalsel),-3.2781286,114.5876897,Bank,Bank Kalsel
Kantor Pusat Bank Kalsel,-3.3256632,114.5900822,Bank,Bank Kalsel
bank kalsel,-3.3243981,114.6016673,Bank,Bank Kalsel
bank kalsel asam-asam,-3.9003482,115.091715,Bank,Bank Kalsel
bank kalsel unit Gambut,-3.4032341,114.6677888,Bank,Bank Kalsel
BANK Mandiri KK. Banjarmasin Soetoyo S.,-3.3221786,114.575177,Bank,Bank Mandiri
Bank Mandiri Balangan,-2.3404584,115.4595154,Bank,Bank Mandiri
Bank Mandiri Banjarbaru,-3.4424843,114.8224559,Bank,Bank Mandiri
Bank Mandiri Banjarmasin A.Yani,-3.3256071,114.6042815,Bank,Bank Mandiri
Bank Mandiri Banjarmasin Balangan,-2.2833734,115.5088914,Bank,Bank Mandiri
Bank Mandiri Banjarmasin Gatot Subroto,-3.3264733,114.6174848,Bank,Bank Mandiri
Bank Mandiri Banjarmasin Gatot Subroto Kuripan,-3.3247507,114.6174186,Bank,Bank Mandiri
Bank Mandiri Banjarmasin Kayutangi,-3.2918826,114.5893332,Bank,Bank Mandiri
Bank Mandiri Banjarmasin Lambung Mangkurat,-3.3217938,114.5925314,Bank,Bank Mandiri
Bank Mandiri Banjarmasin Landasan Ulin,-3.4705981,114.7202287,Bank,Bank Mandiri
Bank Mandiri Banjarmasin Mitra Plaza,-3.3273575,114.5970456,Bank,Bank Mandiri
Bank Mandiri Banjarmasin Pangeran Samudera,-3.3262856,114.5906178,Bank,Bank Mandiri
Bank Mandiri Barabai,-2.5826752,115.3850648,Bank,Bank Mandiri
Bank Mandiri Batulicin,-3.4339637,116.0013328,Bank,Bank Mandiri
Bank Mandiri Binuang,-3.1630088,115.0880646,Bank,Bank Mandiri
Bank Mandiri Cabang Rantau,-2.9306042,115.1590611,Bank,Bank Mandiri
Bank Mandiri Danau Salak,-3.3292278,114.9555825,Bank,Bank Mandiri
Bank Mandiri KCP. Angsana,-3.7124067,115.6001166,Bank,Bank Mandiri
Bank Mandiri Kertak Hanyar,-3.3664209,114.639455,Bank,Bank Mandiri
Bank Mandiri Kotabaru,-3.2538853,116.2123064,Bank,Bank Mandiri
Bank Mandiri Marabahan,-2.9868215,114.7733426,Bank,Bank Mandiri
Bank Mandiri Martapura,-3.4320982,114.8484865,Bank,Bank Mandiri
Bank Mandiri Mitra Usaha Landasan Ulin,-3.4409648,114.742505,Bank,Bank Mandiri
Bank Mandiri RRCR Region IX / Kalimantan,-3.320414,114.5896588,Bank,Bank Mandiri
Bank Mandiri Serongga,-3.1891093,115.9822652,Bank,Bank Mandiri
Bank Mandiri Sungai Danau,-3.76011,115.4141193,Bank,Bank Mandiri
Bank Mandiri. PT,-2.580056,115.379699,Bank,Bank Mandiri
Bank Syariah Indonesia KC Banjarmasin Lambung Mangkurat,-3.3218718,114.5915044,Bank,Bank Mandiri
Mandiri KCP Banjarmasin A. Yani,-3.324734,114.592997,Bank,Bank Mandiri
Mandiri Unit Pelaihari,-3.8053789,114.7873397,Bank,Bank Mandiri
ATM BSI (Bank Syariah Indonesia) Rantau,-2.9322552,115.1530785,ATM,Bank Syariah Indonesia
ATM Bank Syariah Indonesia,-3.4427149,114.8340913,ATM,Bank Syariah Indonesia
ATM Bank Syariah Indonesia,-3.8027153,114.7727319,ATM,Bank Syariah Indonesia
ATM Bank Syariah Mandiri. PT,-3.328122,114.600574,ATM,Bank Syariah Indonesia
BANK SYARIAH INDONESIA,-2.4263405,115.248526,Bank,Bank Syariah Indonesia
BRI syariah,-3.3369961,114.6166629,ATM,Bank Syariah Indonesia
BSI Sungai Danau,-3.777071,115.4004443,Bank,Bank Syariah Indonesia
BSI Tapin,-2.9323389,115.1530668,Layanan perbankan bisnis,Bank Syariah Indonesia
Bank BSI Kandangan,-2.7971313,115.2616098,Bank,Bank Syariah Indonesia
Bank Mega Syariah,-3.3249428,114.6045088,Bank Tabungan,Bank Syariah Indonesia
Bank Syariah Indonesia,-3.3358327,114.6166859,Bank,Bank Syariah Indonesia
Bank Syariah Indonesia,-3.8026975,114.7727423,Bank,Bank Syariah Indonesia
Bank Syariah Indonesia,-3.1610295,115.0886474,Bank,Bank Syariah Indonesia
Bank Syariah Indonesia,-3.3071842,114.596134,Bank,Bank Syariah Indonesia
Bank Syariah Indonesia KC Banjarbaru,-3.4593218,114.8002246,Layanan perbankan bisnis,Bank Syariah Indonesia
Bank Syariah Indonesia KCP Banjar Kertak Hanyar,-3.3581223,114.6331856,Bank sektor publik,Bank Syariah Indonesia
Bank Syariah Indonesia KCP Barabai,-2.5899065,115.3734079,Bank,Bank Syariah Indonesia
Bank Syariah Indonesia KCP Batulicin Jhonlin,-3.4087444,116.0032599,Bank,Bank Syariah Indonesia
Bank Syariah Indonesia KCP Kapuas,-3.0189562,114.3889766,Bank,Bank Syariah Indonesia
Bank Syariah Indonesia KCP Sentra Antasari,-3.3276422,114.5990666,Bank,Bank Syariah Indonesia
Bank Syariah Indonesia Kotabaru,-3.255483,116.210811,Bank,Bank Syariah Indonesia
Bank Syariah Mandiri KC Tanjung,-2.1722837,115.3942346,Bank,Bank Syariah Indonesia
CIMB Niaga & CIMB Niaga Syariah Banjarmasin - Pangeran Samudera,-3.3237927,114.5902049,Bank,Bank Syariah Indonesia
Gadai Emas Bank Syariah Mandiri KFO Pos,-3.3248708,114.5912312,Bank,Bank Syariah Indonesia
Koperasi Konsumen Syariah Arrahmah,-3.3545799,114.6179872,Koperasi,Bank Syariah Indonesia
Mandiri Syariah,-3.3452242,114.6225861,Lembaga Keuangan,Bank Syariah Indonesia
PT BANK SYARIAH INDONESIA KC MARTAPURA,-3.4319825,114.8484858,Bank,Bank Syariah Indonesia
PT. BPR Syariah Barkah Gemadana,-3.3527529,114.6283433,Bank,Bank Syariah Indonesia
Pt Bank Pembiayaan Rakyat Syariah Barkah Gemadana,-3.2943764,114.6010088,Bank,Bank Syariah Indonesia
bank kalsel Syariah,-2.4222262,115.2631261,Bank,Bank Syariah Indonesia
INDOMARET ALUN-ALUN MARTAPURA,-3.4105593,114.8498005,Minimarket,Indomaret
INDOMARET SUNGAI RAYA,-2.8130867,115.2570946,Minimarket,Indomaret
INDOMARET TATAH PEMANGKIH,-3.3697665,114.6010367,Toko Swalayan,Indomaret
Indomaret,-3.079869,115.0994984,Minimarket,Indomaret
Indomaret - A. Yani Km 23,-3.4416878,114.7346333,Minimarket,Indomaret
Indomaret - A. Yani Km 30,-3.4492235,114.7970585,Minimarket,Indomaret
Indomaret - A. Yani Km. 21,-3.4442788,114.7106301,Minimarket,Indomaret
Indomaret - A. Yani Km. 22,-3.4429235,114.7206076,Minimarket,Indomaret
Indomaret - A. Yani Km. 29,-3.4485601,114.7858419,Minimarket,Indomaret
Indomaret - A. Yani Km. 42,-3.401241,114.8512851,Minimarket,Indomaret
Indomaret - Bundaran Banjarbaru,-3.4437261,114.8480215,Minimarket,Indomaret
Indomaret - IDM RO Ulin,-3.4473537,114.8171187,Minimarket,Indomaret
Indomaret - Jalan Karang Anyar 1,-3.434632,114.8161627,Minimarket,Indomaret
Indomaret - Mistar Cokrokusumo 4,-3.4486216,114.8472372,Minimarket,Indomaret
Indomaret - Trikora 14-15,-3.4616549,114.8180628,Minimarket,Indomaret
Indomaret - Trikora 4,-3.457396,114.7640154,Minimarket,Indomaret
Indomaret - Trikora Guntung Manggis,-3.460937,114.7947409,Minimarket,Indomaret
Indomaret A Yani 25A Balangan,-2.3329229,115.4619966,Toko bahan makanan,Indomaret
Indomaret A Yani Gambah Luar,-2.7571733,115.2774289,Minimarket,Indomaret
Indomaret A Yani KM 13.8,-3.4034661,114.6671393,Minimarket,Indomaret
Indomaret A Yani KM 15,-3.4136504,114.6748289,Minimarket,Indomaret
Indomaret A. Yani Batupiring No 2,-2.3402734,115.4594385,Minimarket,Indomaret
Indomaret A. Yani KM 135,-3.8642205,115.2074498,Toko bahan makanan,Indomaret
Indomaret A. Yani KM 41,-3.4064638,114.8472453,Toko bahan makanan,Indomaret
Indomaret A. Yani KM 80,-3.8978619,114.8074488,Minimarket,Indomaret
Indomaret A. Yani KM 81,-3.9056807,114.8063345,Toko Swalayan,Indomaret
Indomaret A.Yani KM 121,-3.902487,115.0876749,Toko bahan makanan,Indomaret
Indomaret A.Yani Km 4 (TA4W),-3.3385009,114.6184496,Minimarket,Indomaret
Indomaret Al Falah,-2.787909,115.2797572,Minimarket,Indomaret
Indomaret Angkasa,-3.4375173,114.7483568,Minimarket,Indomaret
Indomaret Angsau,-3.7994104,114.7703826,Toko bahan makanan,Indomaret
Indomaret Anjir Muara Kota,-3.1998535,114.5461325,Toko bahan makanan,Indomaret
Indomaret Anjir Pasar,-3.1504112,114.5030396,Toko bahan makanan,Indomaret
Indomaret Banjar Indah (T5CK),-3.3464465,114.6219321,Minimarket,Indomaret
Indomaret Batulicin Raya,-3.4519918,116.0017726,Toko,Indomaret
Indomaret Belitung Laut (T8AX),-3.3094731,114.5860089,Minimarket,Indomaret
Indomaret Cakine Sungai Gampa,-3.0724356,114.7105663,Toko Swalayan,Indomaret
Indomaret Cempaka Besar,-3.3230467,114.5852831,Toko bahan makanan,Indomaret
Indomaret Cempaka Raya 2 (TC3S),-3.3276781,114.5761015,Toko bahan makanan,Indomaret
Indomaret Cendrawasih (TMY1),-3.3109587,114.5782105,Toko bahan makanan,Indomaret
Indomaret Cindai Alus Menteri IV,-3.4189603,114.8469281,Minimarket,Indomaret
Indomaret Dahlia,-3.3256374,114.5815003,Toko bahan makanan,Indomaret
Indomaret Darussalam,-2.9335284,115.144783,Toko bahan makanan,Indomaret
Indomaret Fresh,-3.2831985,114.5892201,Toko bahan makanan,Indomaret
Indomaret Fresh & Drive Thru KM 19,-3.4442378,114.6993943,Minimarket,Indomaret
Indomaret Fresh - Trikora 2,-3.4617017,114.8112806,Minimarket,Indomaret
Indomaret Fresh A. Yani KM 33.9,-3.442696,114.826263,Minimarket,Indomaret
Indomaret Fresh Hasan Basri 99 (TFT8),-3.299695,114.589363,Minimarket,Indomaret
Indomaret Fresh Pekapuran Raya,-3.3358188,114.6079648,Minimarket,Indomaret
Indomaret Fresh Sutoyo,-3.3207013,114.5809298,Minimarket,Indomaret
Indomaret Gatot Subroto,-3.3286037,114.6166872,Minimarket,Indomaret
Indomaret Gerilya No 29 (FW7M),-3.3606074,114.598223,Minimarket,Indomaret
Indomaret Hasan Basri 110,-2.9249088,115.1707932,Toko bahan makanan,Indomaret
Indomaret Hasan Basri Rantau,-2.9302267,115.1588513,Kedai Kopi,Indomaret
Indomaret Hidayatulloh Kotabaru,-3.243167,116.2272345,Toko bahan makanan,Indomaret
Indomaret Jalan A Yani KM. 24.7,-3.4419995,114.7447206,Minimarket,Indomaret
Indomaret Jalan A.YANI KM 8.1,-3.3626208,114.6367149,Minimarket,Indomaret
Indomaret Jalan S. Parman 223,-3.3059022,114.5880785,Minimarket,Indomaret
Indomaret Jendral Sudirman Karasikan,-2.8132088,115.2573029,Minimarket,Indomaret
Indomaret KH. Mansur,-3.7906683,114.7768191,Hipermarket,Indomaret
Indomaret KM 1 Kandangan,-2.7822523,115.2625479,Pusat Perbelanjaan,Indomaret
Indomaret Kamboja,-3.3207367,114.5878244,Toko bahan makanan,Indomaret
Indomaret Kelayan,-3.3330619,114.5964216,Minimarket,Indomaret
Indomaret Kertak Baru,-3.3976572,114.8414645,Minimarket,Indomaret
Indomaret Km 150,-3.8385191,115.3350416,Toko bahan makanan,Indomaret
Indomaret Km 76 Batu Balian,-3.2246858,115.0540535,Minimarket,Indomaret
"Indomaret Km.14,8",-3.4102414,114.672893,Minimarket,Indomaret
Indomaret Ks Tubun 52,-3.3301291,114.5906512,Toko bahan makanan,Indomaret
"Indomaret Martapura Lama KM 8,5 (TANM)",-3.3186652,114.652684,Minimarket,Indomaret
Indomaret Mistar Cempaka,-3.476117,114.8520281,Toko bahan makanan,Indomaret
Indomaret Negara KM 1,-2.7634419,115.2651801,Minimarket,Indomaret
Indomaret Padat Karya,-3.2940402,114.6102843,Minimarket,Indomaret
Indomaret Pangeran,-3.2831619,114.5892236,Minimarket,Indomaret
Indomaret Point ULM,-3.298147,114.5882298,Minimarket,Indomaret
Indomaret Provinsi KM 165,-3.7810462,115.3939036,Minimarket,Indomaret
Indomaret Provinsi KM 195,-3.7149403,115.6099459,Toko bahan makanan,Indomaret
Indomaret Provinsi Km 168,-3.7734524,115.4114626,Minimarket,Indomaret
Indomaret Raya Bati-Bati,-3.5991063,114.7030696,Minimarket,Indomaret
Indomaret Raya Batulicin,-3.431461,116.0017639,Toko bahan makanan,Indomaret
Indomaret Raya Batulicin 3,-3.4806683,115.9990687,Minimarket,Indomaret
Indomaret Raya Takisung,-3.8105662,114.7550586,Minimarket,Indomaret
Indomaret Sekumpul,-3.4241637,114.8516224,Toko bahan makanan,Indomaret
Indomaret Sekumpul Raya,-3.4368533,114.8630864,Minimarket,Indomaret
Indomaret Sengayam Jenderal Sudirman (TN4L),-2.3202533,116.016182,Minimarket,Indomaret
Indomaret Stagen km5,-3.2631665,116.2008936,Toko bahan makanan,Indomaret
Indomaret Sukamara,-3.4285569,114.7276906,Toko bahan makanan,Indomaret
Indomaret Sungai Andai,-3.2972092,114.606083,Toko Swalayan,Indomaret
Indomaret Tanjung Rema Darat,-3.4215785,114.8546561,Minimarket,Indomaret
Indomaret Trans KM 200 Jorong,-3.9729265,114.9736584,Toko bahan makanan,Indomaret
Indomaret Trans Kalimantan KM 8,-3.2550579,114.609088,Minimarket,Indomaret
Indomaret Trans Kalimantan KM14,-3.1277449,114.4836506,Toko Swalayan,Indomaret
Indomaret Victoria,-3.32787,114.5897052,Minimarket,Indomaret
Indomaret fresh paringin kalsel,-2.3361693,115.459805,Kedai Kopi,Indomaret
Indomaret | Angsana,-3.7068217,115.5737874,Minimarket,Indomaret
Indomaret | Kupang,-2.9414248,115.1482871,Minimarket,Indomaret
indomaret trans kalimantan,-2.9795841,114.4051385,Toko Swalayan,Indomaret
AZKO Q Mall Banjarbaru,-3.439744,114.8496083,Toko Perlengkapan Rumah,MR DIY
D.I.Y Store,-2.7851831,115.2675466,Toko Pakaian,MR DIY
Leharessahome X Miniso X Samono Batulicin,-3.4159559,115.9946414,Toko Perlengkapan Rumah,MR DIY
MR D.I.Y. - Q Mall,-3.4391311,114.8502079,Toko Perlengkapan Rumah,MR DIY
MR UKAIL,-3.3990137,114.6776665,Kantor Perusahaan,MR DIY
MR. DIY,-3.4571564,114.7642015,Toko Perlengkapan Rumah,MR DIY
MR. DIY Angsau Pelaihari,-3.7952972,114.7739893,Toko Perlengkapan Rumah,MR DIY
MR. DIY Citimall Kuala Kapuas,-2.9867182,114.3990401,Toko Perlengkapan Rumah,MR DIY
MR. DIY Satui Sungai Danau,-3.7777346,115.4025635,Toko Perlengkapan Rumah,MR DIY
MR. DIY Simpang Empat Plajau Batulicin,-3.4161124,115.9919672,Toko Perlengkapan Rumah,MR DIY
MR.DIY,-3.5543808,114.7350084,Toko Perlengkapan Rumah,MR DIY
MR.DIY,-2.796943,115.261663,Toko Perlengkapan Rumah,MR DIY
MR.DIY,-3.4613708,114.8156348,Toko Perlengkapan Rumah,MR DIY
MR.DIY,-3.247237,116.219012,Toko Perlengkapan Rumah,MR DIY
MR.DIY,-3.3234748,114.6870239,Toko Perlengkapan Rumah,MR DIY
MR.DIY,-3.3501673,114.5998871,Toko Perlengkapan Rumah,MR DIY
MR.DIY,-3.4346739,114.8171272,Toko Perlengkapan Rumah,MR DIY
MR.DIY,-3.3096019,114.6129108,Toko Perlengkapan Rumah,MR DIY
MR.DIY,-3.3191944,114.587973,Toko Perlengkapan Rumah,MR DIY
MR.DIY,-2.59036,115.3729927,Toko Perlengkapan Rumah,MR DIY
MR.DIY,-3.2928431,114.5893858,Toko Perlengkapan Rumah,MR DIY
MR.DIY,-3.3229904,114.6034983,Toko Perlengkapan Rumah,MR DIY
MR.DIY,-3.649913,115.7488722,Toko Perlengkapan Rumah,MR DIY
MR.DIY,-2.343177,115.462513,Toko Perlengkapan Rumah,MR DIY
MR.DIY,-3.4525476,116.0016345,Toko Perlengkapan Rumah,MR DIY
MR.DIY,-3.0170711,114.3853911,Toko Perlengkapan Rumah,MR DIY
MR.DIY,-3.4077955,114.671011,Toko Perlengkapan Rumah,MR DIY
MR.DIY,-3.1950507,115.9897381,Toko Perlengkapan Rumah,MR DIY
MR.DIY,-3.605001,115.924552,Toko Perlengkapan Rumah,MR DIY
MR.DIY,-2.1644764,115.3775249,Toko Perlengkapan Rumah,MR DIY
MR.DIY,-1.721998,114.840697,Toko Perlengkapan Rumah,MR DIY
MR.DIY,-1.8049281,115.1588311,Toko Perlengkapan Rumah,MR DIY
MR.DIY - A. Yani,-3.445038,114.812157,Toko Perlengkapan Rumah,MR DIY
MR.DIY Indrasari,-3.4332822,114.86751,Toko Perlengkapan Rumah,MR DIY
MR.DIY KERTAK HANYAR,-3.3521167,114.6288143,Toko,MR DIY
MR.DIY MARTAPURA,-3.4180075,114.8499387,Toko Perlengkapan Rumah,MR DIY
MR.DIY Marabahan,-2.9836618,114.7714754,Toko Perlengkapan Rumah,MR DIY
Mr. D.I.Y Amuntai,-2.4245164,115.2512497,Toko Perlengkapan Rumah,MR DIY
Mr.Bean Fashion & Sport,-2.7941774,115.2624586,Toko,MR DIY
Susana,-3.3523161,114.6286472,Bengkel Mobil,MR DIY
Agen Pegadaian Sungai Rangas,-3.322295,114.7774018,Agen Pinjaman,Pegadaian
Gadai BPKB Motor,-3.3093167,114.6123348,Kantor Perusahaan,Pegadaian
Gadai BPKB motor/mobil,-3.3324861,114.5963023,Kantor Perusahaan,Pegadaian
Gadai Elektronik,-3.3226037,114.5733546,Toko Elektronik,Pegadaian
Kantor Pegadaian,-3.4429691,114.7488626,Kantor Perusahaan,Pegadaian
PEGADAIAN KAYUTANGI,-3.28954,114.5902321,Toko Gadai,Pegadaian
PEGADAIAN Kertak Hanyar,-3.3555523,114.6304868,Kantor Perusahaan,Pegadaian
PT Pegadaian Unit Pleihari,-3.8028038,114.7718238,Kantor Perusahaan,Pegadaian
PT. GADAI MEGA SENTOSA,-3.4491588,114.7953541,Lembaga Keuangan,Pegadaian
Pegadaian,-3.3221648,114.5742497,Toko Gadai,Pegadaian
Pegadaian,-3.4425146,114.8220339,Toko Gadai,Pegadaian
Pegadaian,-3.300645,114.572944,Agen Pinjaman,Pegadaian
Pegadaian,-3.3231832,114.5885579,Lembaga Keuangan,Pegadaian
Pegadaian,-3.3219532,114.5973358,Toko Gadai,Pegadaian
Pegadaian,-3.3310131,114.5895552,Toko Gadai,Pegadaian
Pegadaian,-3.413998,114.849917,Toko Gadai,Pegadaian
Pegadaian,-3.431596,114.8490399,Toko Gadai,Pegadaian
Pegadaian,-3.35471,114.62898,Layanan Investasi,Pegadaian
Pegadaian,-3.345408,114.629827,Toko Gadai,Pegadaian
Pegadaian,-3.4085698,114.6709916,Tambahkan nomor telepon tempat ini,Pegadaian
Pegadaian,-3.319613,114.6258701,Toko Gadai,Pegadaian
Pegadaian Amuntai,-2.4251999,115.2496558,Tambahkan nomor telepon tempat ini,Pegadaian
Pegadaian Banjarmasin,-3.3268814,114.5971785,Toko Gadai,Pegadaian
Pegadaian Batulicin,-3.4209652,116.0019201,Bank,Pegadaian
Pegadaian Cabang Veteran,-3.3199599,114.6069034,Kantor Perusahaan,Pegadaian
Pegadaian Cempaka Raya,-3.3305271,114.5671029,Agen Pinjaman,Pegadaian
Pegadaian Griya Permata,-3.2720435,114.6004909,Toko Gadai,Pegadaian
Pegadaian Kebun Bunga,-3.3334125,114.6132166,Agen Pinjaman,Pegadaian
Pegadaian Kertak Baru,-3.3473665,114.5806885,Toko Gadai,Pegadaian
Pegadaian Kota Baru,-3.2567256,116.2215457,Agen Pinjaman,Pegadaian
Pegadaian Kuripan,-3.3197502,114.613934,Toko Gadai,Pegadaian
Pegadaian Martapura,-3.3940114,114.8732191,Toko Gadai,Pegadaian
Pegadaian Pesayangan,-3.4390293,114.8367328,Kantor Perusahaan,Pegadaian
Pegadaian Sungai Danau,-3.7772538,115.3996949,Lembaga Keuangan,Pegadaian
Pegadaian Syariah,-3.404128,114.846537,Toko Gadai,Pegadaian
Pegadaian Syariah,-3.3289392,114.5838937,Toko Gadai,Pegadaian
Pegadaian Syariah,-3.3369269,114.617323,Toko Gadai,Pegadaian
Pegadaian Syariah,-3.2943409,114.601283,Toko Gadai,Pegadaian
Pegadaian Syariah,-3.4393718,114.8348727,Bank,Pegadaian
Pegadaian Syariah UPS murjani,-3.4433723,114.826759,Kantor Perusahaan,Pegadaian
Pegadaian Terima Gadai Barang Jaminan,-3.2966918,114.6082813,Bank,Pegadaian
Pegadaian UPC Agus Salim,-3.2404127,116.2310331,Toko Gadai,Pegadaian
Pegadaian UPC Amuntai,-2.4198231,115.2578671,Toko Gadai,Pegadaian
Pegadaian UPC Angsau,-3.7875241,114.7760089,Toko Gadai,Pegadaian
Pegadaian UPC Antasari,-3.3294631,114.5988943,Toko Gadai,Pegadaian
Pegadaian UPC Belitung Laut,-3.3093075,114.5887812,Toko Gadai,Pegadaian
Pegadaian UPC Cempaka,-3.3473665,114.5806885,Agen Pinjaman,Pegadaian
Pegadaian UPC Dirgahayu,-3.2463076,116.2216873,Toko Gadai,Pegadaian
Pegadaian UPC Duta Mall,-3.3230825,114.6031465,Lembaga Keuangan,Pegadaian
Pegadaian UPC HKSN,-3.2895949,114.5731303,Toko Gadai,Pegadaian
Pegadaian UPC Handil,-3.2632832,114.6222591,Toko Gadai,Pegadaian
Pegadaian UPC Kesatrian,-3.3291555,114.6148361,Toko Gadai,Pegadaian
Pegadaian UPC Kotabaru,-3.2399832,116.2263283,Toko Gadai,Pegadaian
Pegadaian UPC Marabahan,-2.9333295,114.7024179,Agen Pinjaman,Pegadaian
Pegadaian UPC Pagatan,-3.6048923,115.9265415,Toko Gadai,Pegadaian
Pegadaian UPC Paringin,-2.3389123,115.4576343,Toko Gadai,Pegadaian
Pegadaian UPC Pasar Batu,-3.4003277,114.8418846,Toko Gadai,Pegadaian
Pegadaian UPC Pasar Kelua,-2.9699542,115.1740942,Toko Gadai,Pegadaian
Pegadaian UPC Pekapuran,-3.335271,114.607639,Toko Gadai,Pegadaian
Pegadaian UPC Pekapuran,-3.356121,114.598504,Toko Gadai,Pegadaian
Pegadaian UPC Rantau,-2.9325184,115.152284,Toko Gadai,Pegadaian
Pegadaian UPC Serongga,-3.478288,115.899492,Toko Gadai,Pegadaian
Pegadaian UPC Sungai Dama,-3.780567,115.437698,Toko Gadai,Pegadaian
Pegadaian UPS S Gardu,-3.3413223,114.5910909,Toko Gadai,Pegadaian
Pegadaian UPS Veteran,-3.3197502,114.613934,Toko Gadai,Pegadaian
Pegadaian Unit Sungai Besar,-3.4494466,114.8470014,Toko Gadai,Pegadaian
Pegadaian Unit Tanjung (Mabuun),-2.1725474,115.4110319,Agen Pinjaman,Pegadaian
Pegadaian Upc Kesatriaaan,-3.3139688,114.6183578,Kantor Perusahaan,Pegadaian
Pegadaian. PT,-2.58728,115.3810489,Toko Gadai,Pegadaian
Penggadaian,-3.2400509,116.2263329,Tambah jam buka,Pegadaian
Perum Pegadaian,-3.3198861,114.6033648,Toko Gadai,Pegadaian
AGEN POS INDONESIA,-3.8651618,115.2074724,Kantor Pos,Pos Indonesia
Agen Resmi PT Pos Indonesia,-3.4315735,114.8339842,Layanan E-Niaga,Pos Indonesia
Agen Resmi Pt.Pos Indonesia,-3.4411961,114.8284682,Tambahkan nomor telepon tempat ini,Pos Indonesia
Binuang,-3.144109,115.058461,Kantor Pos,Pos Indonesia
KANTOR POS INDONESIA Kapuas Hilir,-3.032116,114.3988316,Kantor Pos,Pos Indonesia
KANTOR POS SIMPUR,-2.8153946,115.2136386,Kantor Perusahaan,Pos Indonesia
Kantor POS,-3.3549382,114.6011235,Kantor Pos,Pos Indonesia
Kantor POS KASARANGAN,-2.6185169,115.2915774,Layanan Pengiriman dan Pengeposan,Pos Indonesia
Kantor POS Pantai 72161,-3.137199,116.1350004,Kantor Pos,Pos Indonesia
Kantor Pos,-3.0013304,115.1293056,Kantor Pos,Pos Indonesia
Kantor Pos,-3.3637392,114.6368345,Kantor Pos,Pos Indonesia
Kantor Pos,-3.3293165,114.9551429,Kantor Pos,Pos Indonesia
Kantor Pos,-3.4175771,114.8499446,Kantor Pos,Pos Indonesia
Kantor Pos,-3.354771,114.6348452,Kantor Pos,Pos Indonesia
Kantor Pos,-3.8728134,115.2018488,Kantor Pos,Pos Indonesia
Kantor Pos,-3.4602736,114.5302064,Kantor Pos,Pos Indonesia
Kantor Pos,-3.40762,114.849651,Kantor Pos,Pos Indonesia
Kantor Pos Amuntai,-2.4188107,115.2544088,Kantor Pos,Pos Indonesia
Kantor Pos Angsana,-3.7096265,115.5879794,Kantor Pos,Pos Indonesia
Kantor Pos Asam Asam,-3.9014624,115.0901314,Kantor Pos,Pos Indonesia
Kantor Pos Awayan,-2.4149682,115.5287937,Kantor Pos,Pos Indonesia
Kantor Pos Bangkal,-3.5217504,114.8107959,Kantor Pos,Pos Indonesia
Kantor Pos Banjarbaru,-3.4394242,114.8329991,Kantor Pos,Pos Indonesia
Kantor Pos Banjarbaru Guntung Payung,-3.4493536,114.7909642,Kantor Pos,Pos Indonesia
Kantor Pos Banjarbaru Landasan Ulin Tengah,-3.4417311,114.7340917,Kantor Pos,Pos Indonesia
Kantor Pos Banjarmasin,-3.3248825,114.5912895,Kantor Pos,Pos Indonesia
Kantor Pos Barabai,-2.5846753,115.3833462,Kantor Pos,Pos Indonesia
Kantor Pos Barambai,-3.0250793,114.6868899,Kantor Pos,Pos Indonesia
Kantor Pos Batu Ampar,-3.8858981,114.8239611,Kantor Pos,Pos Indonesia
Kantor Pos Batu Tungku,-3.9659942,114.75295,Kantor Pos,Pos Indonesia
Kantor Pos Batulicin,-3.4226771,116.0040135,Kantor Pos,Pos Indonesia
Kantor Pos Batumandi,-2.4263836,115.424496,Kantor Pos,Pos Indonesia
Kantor Pos Belawang 70563,-3.1139787,114.6042852,Kantor Pos,Pos Indonesia
Kantor Pos Belitung,-3.3068339,114.5813184,Kantor Pos,Pos Indonesia
Kantor Pos Berangas Kotabaru,-3.3832907,116.2390577,Kantor Pos,Pos Indonesia
Kantor Pos Beruntungjaya,-3.357978,114.6232491,Kantor Pos,Pos Indonesia
Kantor Pos Binuang,-3.1577554,115.086882,Kantor Pos,Pos Indonesia
Kantor Pos Cemara Raya,-3.2925243,114.5921574,Kantor Pos,Pos Indonesia
Kantor Pos Cempaka,-3.4816559,114.8519895,Kantor Pos,Pos Indonesia
Kantor Pos Daha Selatan,-2.6374324,115.1162404,Kantor Perusahaan,Pos Indonesia
Kantor Pos Danau Panggang,-2.4617866,115.1046595,Kantor Pos,Pos Indonesia
Kantor Pos Gatot Subroto Banjarmasin,-3.32011,114.6180031,Kantor Pos,Pos Indonesia
Kantor Pos Guntung Paikat,-3.4452021,114.8305448,Kantor Pos,Pos Indonesia
Kantor Pos Ilung,-2.5264666,115.410728,Kantor Pos,Pos Indonesia
Kantor Pos Juai 71665,-2.2676083,115.5750248,Kantor Pos,Pos Indonesia
Kantor Pos Kelayan,-3.330031,114.5903269,Kantor Pos,Pos Indonesia
Kantor Pos Kelayan,-3.332485,114.5962959,Kantor Pos,Pos Indonesia
Kantor Pos Kelua,-2.2801357,115.296972,Kantor Pos,Pos Indonesia
Kantor Pos Kotabaru,-3.2359142,116.2283656,Kantor Pos,Pos Indonesia
Kantor Pos Kuripan,-2.6096455,114.7950652,Kantor Pos,Pos Indonesia
Kantor Pos Lampihong,-2.3375175,115.3779297,Kantor Pos,Pos Indonesia
Kantor Pos Mandastana 70581,-3.1796136,114.6639846,Kantor Pos,Pos Indonesia
Kantor Pos Marabahan 70500,-2.9785452,114.767271,Kantor Pos,Pos Indonesia
Kantor Pos Margasari,-2.8813856,114.936617,Kantor Pos,Pos Indonesia
Kantor Pos Martapura,-3.4091772,114.8471977,Kantor Pos,Pos Indonesia
Kantor Pos Negara Daha Utara,-2.6257511,115.1056809,Kantor Pos,Pos Indonesia
Kantor Pos Padang Batung,-2.8178072,115.298019,Kantor Pos,Pos Indonesia
Kantor Pos Pagat,-2.6231175,115.4205021,Kantor Pos,Pos Indonesia
Kantor Pos Paringin,-2.3345047,115.4612526,Kantor Pos,Pos Indonesia
Kantor Pos Pelaihari,-3.8050995,114.7653066,Kantor Pos,Pos Indonesia
Kantor Pos Pengaron,-3.2955778,115.0946798,Kantor Pos,Pos Indonesia
Kantor Pos Rantau Badauh 70561,-3.0657433,114.7121153,Kantor Pos,Pos Indonesia
Kantor Pos Regional IX Banjarbaru,-3.441048,114.8316333,Kantor Pos,Pos Indonesia
Kantor Pos SPP Banjarmasin,-3.4417724,114.7340543,Kantor Pos,Pos Indonesia
Kantor Pos Sungai Danau,-3.7779694,115.4031479,Kantor Pos,Pos Indonesia
Kantor Pos Sungai Raya,-3.258435,115.076423,Kantor Pos,Pos Indonesia
Kantor Pos Syamsudin Noor,-3.4409145,114.7431297,Kantor Pos,Pos Indonesia
Kantor Pos Tabukan,-2.8088218,114.6368754,Kantor Pos,Pos Indonesia
Kantor Pos Tamban 70566,-3.3328525,114.478007,Kantor Pos,Pos Indonesia
Kantor Pos Tegalrejo 72182,-3.1854234,115.9811802,Kantor Pos,Pos Indonesia
Kantor Pos Trisakti Banjarmasin,-3.326652,114.5612057,Kantor Pos,Pos Indonesia
Kantor Pos Wanaraya,-3.0610948,114.618575,Kantor Pos,Pos Indonesia
Kantor pos Berangas,-3.2762869,114.5971359,Kantor Pos,Pos Indonesia
Kantorpos Alabio,-2.4649722,115.2184544,Kantor Pos,Pos Indonesia
Kantorpos Aluhaluh,-3.4614862,114.5480228,Kantor Pos,Pos Indonesia
Kantorpos Angkinang,-2.7321699,115.2911065,Kantor Pos,Pos Indonesia
Kantorpos Anjir Muara,-3.200598,114.5467622,Kantor Pos,Pos Indonesia
Kantorpos Anjir Pasar,-3.1499395,114.5030906,Kantor Pos,Pos Indonesia
Kantorpos Banjarmasin Klayan,-3.3300746,114.5930671,Kantor Pos,Pos Indonesia
Kantorpos Banjarmasin Seibilu,-3.3328734,114.6044682,Kantor Pos,Pos Indonesia
Kantorpos Batibati,-3.565921,114.785527,Kantor Pos,Pos Indonesia
Kantorpos Birayang,-2.5485026,115.4482996,Kantor Pos,Pos Indonesia
Kantorpos Danau Salak,-3.251257,114.993214,Kantor Pos,Pos Indonesia
Kantorpos Desa Manunggal Blok A1,-3.331458,115.9225193,Kantor Perusahaan,Pos Indonesia
Kantorpos Gambut,-3.4077177,114.6704406,Kantor Pos,Pos Indonesia
Kantorpos Haruyan,-2.6898259,115.3420924,Kantor Pos,Pos Indonesia
Kantorpos Indonesia,-3.2253306,116.2398148,Kantor Pos,Pos Indonesia
Kantorpos Indonesia,-3.0157862,115.1523689,Kantor Pos,Pos Indonesia
Kantorpos Kandangan,-2.7854936,115.2665393,Kantor Pos,Pos Indonesia
Kantorpos Karang Intan,-3.4364755,114.92444,Kantor Pos,Pos Indonesia
Kantorpos Kintap,-3.857227,115.207901,Kantor Pos,Pos Indonesia
Kantorpos Mantewe,-3.2573022,115.761116,Kantor Pos,Pos Indonesia
Kantorpos Pagatan,-3.6089492,115.9334072,Kantor Pos,Pos Indonesia
Kantorpos Pantai Hambawang,-2.6405314,115.3363901,Kantor Pos,Pos Indonesia
Kantorpos Pendawan Baru,-2.556533,115.319317,Kantor Pos,Pos Indonesia
Kantorpos Pos Indonesia,-3.4341824,114.8685829,Kantor Pos,Pos Indonesia
Kantorpos Rantau,-2.9330384,115.1511665,Kantor Pos,Pos Indonesia
Kantorpos Rantau Badauh,-3.125923,114.690544,Kantor Pos,Pos Indonesia
Kantorpos Sebamban-I,-3.6491671,115.7540344,Kantor Pos,Pos Indonesia
Kantorpos Simpang Empat Martapura,-3.2809734,115.0257265,Kantor Pos,Pos Indonesia
Kantorpos Sungai Tabuk,-3.3240415,114.6993104,Kantor Pos,Pos Indonesia
Kantorpos Sungai Ulin,-3.4486314,114.8640689,Kantor Pos,Pos Indonesia
Kantorpos Takisung,-3.887079,114.643107,Kantor Pos,Pos Indonesia
Kantorpos Tanjung Batu,-3.0036526,116.2196633,Kantor Pos,Pos Indonesia
PT Pos Indonesia (Tanah SPP Bjm),-3.4590651,114.7716093,Kantor Perusahaan,Pos Indonesia
PT Pos Indonesia P. M. NOOR,-3.4486323,114.864014,Kantor Pos,Pos Indonesia
PT. POS INDONESIA KCP SUNGAI KUPANG,-3.0510264,115.9829264,Kantor Pos,Pos Indonesia
PT. Pos Indonesia (Persero),-3.3182485,114.605909,Kantor Pos,Pos Indonesia
Pos 01 PT.PAS,-2.8507381,114.8791717,Kantor Pos,Pos Indonesia
Pos Indonesia,-2.4150928,115.5287739,Tambahkan nomor telepon tempat ini,Pos Indonesia
Pos Indonesia (Persero). PT,-3.465745,114.752748,Kantor Pos,Pos Indonesia
Pos Indonesia KCP Berangas (Kantorpos),-3.2596764,114.6066517,Kantor Perusahaan,Pos Indonesia
Pos Martani,-3.6398574,115.652875,Kantor Pos,Pos Indonesia
Pos PESONA CINDAI PERMAI,-3.4171893,114.8101578,Kantor Pos,Pos Indonesia
Pos Tanjung Samalantakan,-2.5818252,116.4051599,Kantor Pos,Pos Indonesia
Ruang PKBL Banjarbaru PT. Pos Indonesia,-3.4408821,114.8316906,Kantor Perusahaan,Pos Indonesia
kantor pos saka permai (ditambahkan KURIRKITA),-3.3115062,114.5854295,Kantor Pos,Pos Indonesia
